{
	"metadata": {
		"version": 4.5,
		"type": "Object",
		"generator": "Object3D.toJSON"
	},
	"geometries": [
		{
			"uuid": "7e704103-4eb4-49f2-bf85-fe6ee62bec6f",
			"type": "BufferGeometry",
			"data": {
				"attributes": {
					"position": {
						"itemSize": 3,
						"type": "Float32Array",
						"array": [0,39.370079040527344,39.370079040527344,39.370079040527344,39.370079040527344,0,0,39.370079040527344,0,39.370079040527344,39.370079040527344,0,0,39.370079040527344,39.370079040527344,39.370079040527344,39.370079040527344,39.370079040527344,39.370079040527344,39.370079040527344,0,0,0,0,0,39.370079040527344,0,0,0,0,39.370079040527344,39.370079040527344,0,39.370079040527344,0,0,0,39.370079040527344,39.370079040527344,0,0,0,0,0,39.370079040527344,0,0,0,0,39.370079040527344,39.370079040527344,0,39.370079040527344,0,39.370079040527344,0,39.370079040527344,0,39.370079040527344,39.370079040527344,0,0,39.370079040527344,0,39.370079040527344,39.370079040527344,39.370079040527344,0,39.370079040527344,39.370079040527344,39.370079040527344,39.370079040527344,39.370079040527344,39.370079040527344,0,39.370079040527344,0,39.370079040527344,39.370079040527344,0,0,39.370079040527344,0,39.370079040527344,39.370079040527344,39.370079040527344,0,39.370079040527344,39.370079040527344,39.370079040527344,39.370079040527344,0,39.370079040527344,0,0,0,39.370079040527344,0,0,0,0,0,39.370079040527344,0,39.370079040527344,0,0,39.370079040527344],
						"normalized": false
					},
					"normal": {
						"itemSize": 3,
						"type": "Float32Array",
						"array": [0,1,0,0,1,0,0,1,0,0,1,0,0,1,0,0,1,0,0,0,-1,0,0,-1,0,0,-1,0,0,-1,0,0,-1,0,0,-1,-1,0,0,-1,0,0,-1,0,0,-1,0,0,-1,0,0,-1,0,0,0,0,1,0,0,1,0,0,1,0,0,1,0,0,1,0,0,1,1,0,0,1,0,0,1,0,0,1,0,0,1,0,0,1,0,0,0,-1,0,0,-1,0,0,-1,0,0,-1,0,0,-1,0,0,-1,0],
						"normalized": false
					}
				},
				"groups": [
					{
						"start": 0,
						"count": 36,
						"materialIndex": 0
					}],
				"boundingSphere": {
					"center": [19.685039520263672,19.685039520263672,19.685039520263672],
					"radius": 34.09548859809796
				}
			}
		}],
	"materials": [
		{
			"uuid": "6b72c063-dc00-40e3-b725-843b26a69227",
			"type": "MeshLambertMaterial",
			"name": "material",
			"color": 16777215,
			"emissive": 0,
			"reflectivity": 1,
			"refractionRatio": 0.98,
			"depthFunc": 3,
			"depthTest": true,
			"depthWrite": true,
			"colorWrite": true,
			"stencilWrite": false,
			"stencilWriteMask": 255,
			"stencilFunc": 519,
			"stencilRef": 0,
			"stencilFuncMask": 255,
			"stencilFail": 7680,
			"stencilZFail": 7680,
			"stencilZPass": 7680
		}],
	"object": {
		"uuid": "19d9cf7e-fc7a-48bf-930e-afab7787f9a8",
		"type": "Mesh",
		"name": "group_0",
		"layers": 1,
		"matrix": [1,0,0,0,0,1,0,0,0,0,1,0,26.4647534,22.4960146,0,1],
		"up": [0,1,0],
		"geometry": "7e704103-4eb4-49f2-bf85-fe6ee62bec6f",
		"material": "6b72c063-dc00-40e3-b725-843b26a69227"
	}
}